="",="(1)",="(2)",="(3)",="(4)",="(5)",="(6)",="(7)",="(8)",="(9)",="(10)",="(11)",="(12)",="(13)",="(14)",="(15)",="(16)",="(17)",="(18)",="(19)",="(20)",="(21)",="(22)",="(23)",="(24)",="(25)",="(26)",="(27)",="(28)",="(29)",="(30)",="(31)",="(32)",="(33)",="(34)",="(35)",="(36)",="(37)",="(38)",="(39)",="(40)",="(41)",="(42)",="(43)",="(44)"
="",="out_1anycomm",="out_2anymarket",="out_3onlymed",="out_4enroldur",="out_5disrupt",="out_6countdisrupt",="out_7countgaps",="out_8gapdur",="out_9countswitch",="out_10anyswitch",="out_11anygap",="out_1anycomm",="out_2anymarket",="out_3onlymed",="out_4enroldur",="out_5disrupt",="out_6countdisrupt",="out_7countgaps",="out_8gapdur",="out_9countswitch",="out_10anyswitch",="out_11anygap",="out_1anycomm",="out_2anymarket",="out_3onlymed",="out_4enroldur",="out_5disrupt",="out_6countdisrupt",="out_7countgaps",="out_8gapdur",="out_9countswitch",="out_10anyswitch",="out_11anygap",="out_1anycomm",="out_2anymarket",="out_3onlymed",="out_4enroldur",="out_5disrupt",="out_6countdisrupt",="out_7countgaps",="out_8gapdur",="out_9countswitch",="out_10anyswitch",="out_11anygap"
="",="b/ci95/p",="b/ci95/p",="b/ci95/p",="b/ci95/p",="b/ci95/p",="b/ci95/p",="b/ci95/p",="b/ci95/p",="b/ci95/p",="b/ci95/p",="b/ci95/p",="b/ci95/p",="b/ci95/p",="b/ci95/p",="b/ci95/p",="b/ci95/p",="b/ci95/p",="b/ci95/p",="b/ci95/p",="b/ci95/p",="b/ci95/p",="b/ci95/p",="b/ci95/p",="b/ci95/p",="b/ci95/p",="b/ci95/p",="b/ci95/p",="b/ci95/p",="b/ci95/p",="b/ci95/p",="b/ci95/p",="b/ci95/p",="b/ci95/p",="b/ci95/p",="b/ci95/p",="b/ci95/p",="b/ci95/p",="b/ci95/p",="b/ci95/p",="b/ci95/p",="b/ci95/p",="b/ci95/p",="b/ci95/p",="b/ci95/p"
="RD_Estimate",="0.01",="0.02***",="-0.03**",="-1.22***",="0.03**",="0.04*",="0.01",="0.06*",="0.03*",="0.03**",="0.01**",="",="",="",="",="",="",="",="",="",="",="",="",="",="",="",="",="",="",="",="",="",="",="",="",="",="",="",="",="",="",="",="",=""
="",="[-0.01,0.03]",="[0.01,0.04]",="[-0.05,-0.01]",="[-1.53,-0.91]",="[0.01,0.05]",="[0.01,0.08]",="[-0.00,0.02]",="[0.01,0.11]",="[0.00,0.06]",="[0.01,0.05]",="[0.00,0.02]",="",="",="",="",="",="",="",="",="",="",="",="",="",="",="",="",="",="",="",="",="",="",="",="",="",="",="",="",="",="",="",="",=""
="",="(0.215)",="(0.000)",="(0.003)",="(0.000)",="(0.004)",="(0.024)",="(0.095)",="(0.019)",="(0.036)",="(0.003)",="(0.008)",="",="",="",="",="",="",="",="",="",="",="",="",="",="",="",="",="",="",="",="",="",="",="",="",="",="",="",="",="",="",="",="",=""
="treated",="",="",="",="",="",="",="",="",="",="",="",="0.04***",="0.05***",="-0.09***",="-1.35***",="0.09***",="0.14***",="0.04***",="0.17***",="0.11***",="0.09***",="0.04***",="0.02***",="0.03***",="-0.05***",="-1.34***",="0.04***",="0.07***",="0.02***",="0.10***",="0.05***",="0.05***",="0.02***",="0.02**",="0.02***",="-0.04***",="-1.78***",="0.04***",="0.05***",="0.01**",="0.06**",="0.04***",="0.04***",="0.01**"
="",="",="",="",="",="",="",="",="",="",="",="",="[0.04,0.05]",="[0.04,0.05]",="[-0.10,-0.08]",="[-1.44,-1.25]",="[0.08,0.10]",="[0.13,0.16]",="[0.03,0.04]",="[0.14,0.19]",="[0.09,0.12]",="[0.08,0.10]",="[0.03,0.04]",="[0.01,0.03]",="[0.02,0.04]",="[-0.06,-0.03]",="[-1.48,-1.20]",="[0.03,0.05]",="[0.05,0.09]",="[0.01,0.03]",="[0.07,0.13]",="[0.03,0.06]",="[0.03,0.06]",="[0.01,0.03]",="[0.01,0.03]",="[0.01,0.03]",="[-0.06,-0.03]",="[-1.96,-1.59]",="[0.02,0.05]",="[0.03,0.08]",="[0.00,0.02]",="[0.02,0.10]",="[0.02,0.07]",="[0.03,0.06]",="[0.00,0.02]"
="",="",="",="",="",="",="",="",="",="",="",="",="(0.000)",="(0.000)",="(0.000)",="(0.000)",="(0.000)",="(0.000)",="(0.000)",="(0.000)",="(0.000)",="(0.000)",="(0.000)",="(0.001)",="(0.000)",="(0.000)",="(0.000)",="(0.000)",="(0.000)",="(0.000)",="(0.000)",="(0.000)",="(0.000)",="(0.000)",="(0.003)",="(0.000)",="(0.000)",="(0.000)",="(0.000)",="(0.000)",="(0.009)",="(0.008)",="(0.001)",="(0.000)",="(0.006)"
="centered",="",="",="",="",="",="",="",="",="",="",="",="0.00***",="0.00***",="-0.00***",="-0.00***",="0.00***",="0.00***",="0.00***",="0.00***",="0.00***",="0.00***",="0.00***",="0.00***",="0.00***",="-0.00***",="-0.00",="0.00***",="0.00***",="0.00***",="0.00***",="0.00***",="0.00***",="0.00***",="0.00",="0.00**",="-0.00**",="0.04***",="0.00**",="0.00**",="0.00*",="0.00*",="0.00**",="0.00**",="0.00*"
="",="",="",="",="",="",="",="",="",="",="",="",="[0.00,0.00]",="[0.00,0.00]",="[-0.00,-0.00]",="[-0.00,-0.00]",="[0.00,0.00]",="[0.00,0.00]",="[0.00,0.00]",="[0.00,0.00]",="[0.00,0.00]",="[0.00,0.00]",="[0.00,0.00]",="[0.00,0.00]",="[0.00,0.00]",="[-0.00,-0.00]",="[-0.00,0.00]",="[0.00,0.00]",="[0.00,0.00]",="[0.00,0.00]",="[0.00,0.00]",="[0.00,0.00]",="[0.00,0.00]",="[0.00,0.00]",="[-0.00,0.00]",="[0.00,0.00]",="[-0.00,-0.00]",="[0.03,0.05]",="[0.00,0.00]",="[0.00,0.00]",="[0.00,0.00]",="[0.00,0.00]",="[0.00,0.00]",="[0.00,0.00]",="[0.00,0.00]"
="",="",="",="",="",="",="",="",="",="",="",="",="(0.000)",="(0.000)",="(0.000)",="(0.000)",="(0.000)",="(0.000)",="(0.000)",="(0.000)",="(0.000)",="(0.000)",="(0.000)",="(0.000)",="(0.000)",="(0.000)",="(0.617)",="(0.000)",="(0.000)",="(0.000)",="(0.000)",="(0.000)",="(0.000)",="(0.000)",="(0.209)",="(0.004)",="(0.004)",="(0.000)",="(0.002)",="(0.001)",="(0.022)",="(0.046)",="(0.005)",="(0.005)",="(0.022)"
="lin_inter",="",="",="",="",="",="",="",="",="",="",="",="-0.00",="0.00",="-0.00",="0.00***",="-0.00",="0.00",="0.00",="0.00",="-0.00",="0.00",="0.00",="-0.00***",="-0.00**",="0.00***",="-0.00",="-0.00***",="-0.00***",="-0.00**",="-0.00*",="-0.00***",="-0.00***",="-0.00**",="0.00",="0.00",="0.00",="-0.04***",="-0.00",="-0.00",="0.00",="0.00",="-0.00",="-0.00",="0.00"
="",="",="",="",="",="",="",="",="",="",="",="",="[-0.00,0.00]",="[-0.00,0.00]",="[-0.00,0.00]",="[0.00,0.01]",="[-0.00,0.00]",="[-0.00,0.00]",="[-0.00,0.00]",="[-0.00,0.00]",="[-0.00,0.00]",="[-0.00,0.00]",="[-0.00,0.00]",="[-0.00,-0.00]",="[-0.00,-0.00]",="[0.00,0.00]",="[-0.01,0.00]",="[-0.00,-0.00]",="[-0.00,-0.00]",="[-0.00,-0.00]",="[-0.00,-0.00]",="[-0.00,-0.00]",="[-0.00,-0.00]",="[-0.00,-0.00]",="[-0.00,0.00]",="[-0.00,0.00]",="[-0.00,0.00]",="[-0.05,-0.04]",="[-0.00,0.00]",="[-0.00,0.00]",="[-0.00,0.00]",="[-0.00,0.00]",="[-0.00,0.00]",="[-0.00,0.00]",="[-0.00,0.00]"
="",="",="",="",="",="",="",="",="",="",="",="",="(0.215)",="(0.247)",="(0.921)",="(0.000)",="(0.821)",="(0.994)",="(0.217)",="(0.707)",="(0.592)",="(0.945)",="(0.203)",="(0.000)",="(0.009)",="(0.000)",="(0.202)",="(0.000)",="(0.000)",="(0.010)",="(0.023)",="(0.000)",="(0.000)",="(0.008)",="(0.989)",="(0.970)",="(0.854)",="(0.000)",="(0.673)",="(0.680)",="(0.547)",="(0.303)",="(0.485)",="(0.883)",="(0.562)"
="mc_mathisp",="",="",="",="",="",="",="",="",="",="",="",="-0.01***",="-0.02***",="0.02***",="-1.70***",="-0.02***",="-0.03***",="-0.01***",="-0.02***",="-0.02***",="-0.02***",="-0.01***",="-0.01***",="-0.02***",="0.02***",="-1.70***",="-0.02***",="-0.03***",="-0.01***",="-0.02***",="-0.02***",="-0.02***",="-0.01***",="-0.01***",="-0.02***",="0.02***",="-1.69***",="-0.02***",="-0.03***",="-0.01***",="-0.02***",="-0.02***",="-0.02***",="-0.01***"
="",="",="",="",="",="",="",="",="",="",="",="",="[-0.01,-0.00]",="[-0.02,-0.02]",="[0.02,0.02]",="[-1.74,-1.65]",="[-0.03,-0.02]",="[-0.04,-0.02]",="[-0.01,-0.00]",="[-0.03,-0.01]",="[-0.03,-0.02]",="[-0.02,-0.02]",="[-0.01,-0.00]",="[-0.01,-0.00]",="[-0.02,-0.02]",="[0.02,0.02]",="[-1.74,-1.65]",="[-0.02,-0.02]",="[-0.03,-0.02]",="[-0.01,-0.00]",="[-0.03,-0.01]",="[-0.03,-0.02]",="[-0.02,-0.02]",="[-0.01,-0.00]",="[-0.01,-0.00]",="[-0.02,-0.02]",="[0.02,0.02]",="[-1.74,-1.65]",="[-0.02,-0.02]",="[-0.03,-0.02]",="[-0.01,-0.00]",="[-0.03,-0.01]",="[-0.03,-0.02]",="[-0.02,-0.02]",="[-0.01,-0.00]"
="",="",="",="",="",="",="",="",="",="",="",="",="(0.001)",="(0.000)",="(0.000)",="(0.000)",="(0.000)",="(0.000)",="(0.000)",="(0.000)",="(0.000)",="(0.000)",="(0.000)",="(0.001)",="(0.000)",="(0.000)",="(0.000)",="(0.000)",="(0.000)",="(0.000)",="(0.000)",="(0.000)",="(0.000)",="(0.000)",="(0.001)",="(0.000)",="(0.000)",="(0.000)",="(0.000)",="(0.000)",="(0.000)",="(0.000)",="(0.000)",="(0.000)",="(0.000)"
="mc_matblack",="",="",="",="",="",="",="",="",="",="",="",="0.03***",="-0.02***",="-0.00",="0.42***",="0.01*",="0.01",="-0.00*",="-0.01",="0.01*",="0.00",="-0.00",="0.03***",="-0.02***",="-0.00",="0.42***",="0.01*",="0.01",="-0.00*",="-0.01",="0.01*",="0.00",="-0.00*",="0.03***",="-0.02***",="-0.00",="0.42***",="0.01*",="0.01",="-0.00*",="-0.01",="0.01*",="0.00",="-0.00"
="",="",="",="",="",="",="",="",="",="",="",="",="[0.02,0.03]",="[-0.02,-0.02]",="[-0.01,0.00]",="[0.34,0.50]",="[0.00,0.01]",="[-0.00,0.02]",="[-0.01,-0.00]",="[-0.03,0.01]",="[0.00,0.02]",="[-0.00,0.01]",="[-0.01,0.00]",="[0.02,0.03]",="[-0.02,-0.02]",="[-0.01,0.00]",="[0.34,0.50]",="[0.00,0.01]",="[-0.00,0.02]",="[-0.01,-0.00]",="[-0.03,0.01]",="[0.00,0.02]",="[-0.00,0.01]",="[-0.01,-0.00]",="[0.02,0.03]",="[-0.02,-0.02]",="[-0.01,0.00]",="[0.34,0.50]",="[0.00,0.01]",="[-0.00,0.02]",="[-0.01,-0.00]",="[-0.03,0.01]",="[0.00,0.02]",="[-0.00,0.01]",="[-0.01,0.00]"
="",="",="",="",="",="",="",="",="",="",="",="",="(0.000)",="(0.000)",="(0.214)",="(0.000)",="(0.047)",="(0.150)",="(0.034)",="(0.167)",="(0.017)",="(0.172)",="(0.052)",="(0.000)",="(0.000)",="(0.225)",="(0.000)",="(0.050)",="(0.157)",="(0.033)",="(0.161)",="(0.018)",="(0.182)",="(0.050)",="(0.000)",="(0.000)",="(0.223)",="(0.000)",="(0.049)",="(0.155)",="(0.033)",="(0.163)",="(0.017)",="(0.179)",="(0.050)"
="mc_white",="",="",="",="",="",="",="",="",="",="",="",="0.00",="-0.00**",="0.00",="0.27***",="-0.00",="-0.00",="-0.00",="-0.01",="-0.00",="-0.00",="-0.00",="0.00",="-0.00**",="0.00",="0.27***",="-0.00",="-0.00",="-0.00",="-0.01",="-0.00",="-0.00",="-0.00",="0.00",="-0.00**",="0.00",="0.27***",="-0.00",="-0.00",="-0.00",="-0.01",="-0.00",="-0.00",="-0.00"
="",="",="",="",="",="",="",="",="",="",="",="",="[-0.00,0.00]",="[-0.01,-0.00]",="[-0.00,0.01]",="[0.21,0.34]",="[-0.01,0.00]",="[-0.01,0.00]",="[-0.00,0.00]",="[-0.02,0.00]",="[-0.01,0.00]",="[-0.01,0.00]",="[-0.00,0.00]",="[-0.00,0.00]",="[-0.01,-0.00]",="[-0.00,0.01]",="[0.21,0.34]",="[-0.01,0.00]",="[-0.01,0.00]",="[-0.00,0.00]",="[-0.02,0.00]",="[-0.01,0.00]",="[-0.01,0.00]",="[-0.00,0.00]",="[-0.00,0.00]",="[-0.01,-0.00]",="[-0.00,0.01]",="[0.21,0.34]",="[-0.01,0.00]",="[-0.01,0.00]",="[-0.00,0.00]",="[-0.02,0.00]",="[-0.01,0.00]",="[-0.01,0.00]",="[-0.00,0.00]"
="",="",="",="",="",="",="",="",="",="",="",="",="(0.521)",="(0.002)",="(0.079)",="(0.000)",="(0.083)",="(0.244)",="(0.130)",="(0.086)",="(0.438)",="(0.084)",="(0.144)",="(0.540)",="(0.001)",="(0.070)",="(0.000)",="(0.075)",="(0.227)",="(0.123)",="(0.080)",="(0.417)",="(0.075)",="(0.137)",="(0.530)",="(0.001)",="(0.072)",="(0.000)",="(0.077)",="(0.231)",="(0.124)",="(0.081)",="(0.422)",="(0.077)",="(0.138)"
="mc_mat_hs",="",="",="",="",="",="",="",="",="",="",="",="0.03***",="0.01***",="-0.04***",="1.28***",="0.05***",="0.07***",="0.01***",="0.04***",="0.06***",="0.04***",="0.01***",="0.03***",="0.01***",="-0.04***",="1.28***",="0.04***",="0.07***",="0.01***",="0.04***",="0.06***",="0.04***",="0.01***",="0.03***",="0.01***",="-0.04***",="1.27***",="0.04***",="0.07***",="0.01***",="0.04***",="0.06***",="0.04***",="0.01***"
="",="",="",="",="",="",="",="",="",="",="",="",="[0.03,0.04]",="[0.01,0.01]",="[-0.05,-0.04]",="[1.22,1.34]",="[0.04,0.05]",="[0.07,0.08]",="[0.01,0.01]",="[0.03,0.05]",="[0.06,0.06]",="[0.04,0.05]",="[0.01,0.01]",="[0.03,0.04]",="[0.01,0.01]",="[-0.05,-0.04]",="[1.22,1.34]",="[0.04,0.05]",="[0.06,0.07]",="[0.01,0.01]",="[0.03,0.05]",="[0.05,0.06]",="[0.04,0.04]",="[0.01,0.01]",="[0.03,0.04]",="[0.01,0.01]",="[-0.05,-0.04]",="[1.21,1.33]",="[0.04,0.05]",="[0.06,0.07]",="[0.01,0.01]",="[0.03,0.05]",="[0.05,0.06]",="[0.04,0.04]",="[0.01,0.01]"
="",="",="",="",="",="",="",="",="",="",="",="",="(0.000)",="(0.000)",="(0.000)",="(0.000)",="(0.000)",="(0.000)",="(0.000)",="(0.000)",="(0.000)",="(0.000)",="(0.000)",="(0.000)",="(0.000)",="(0.000)",="(0.000)",="(0.000)",="(0.000)",="(0.000)",="(0.000)",="(0.000)",="(0.000)",="(0.000)",="(0.000)",="(0.000)",="(0.000)",="(0.000)",="(0.000)",="(0.000)",="(0.000)",="(0.000)",="(0.000)",="(0.000)",="(0.000)"
="mc_mat_coll",="",="",="",="",="",="",="",="",="",="",="",="0.04***",="0.03***",="-0.07***",="-0.02",="0.06***",="0.10***",="0.01***",="0.04***",="0.09***",="0.06***",="0.01***",="0.04***",="0.03***",="-0.06***",="-0.02",="0.06***",="0.10***",="0.01***",="0.04***",="0.08***",="0.06***",="0.01***",="0.04***",="0.03***",="-0.06***",="-0.02",="0.06***",="0.10***",="0.01***",="0.04***",="0.08***",="0.06***",="0.01***"
="",="",="",="",="",="",="",="",="",="",="",="",="[0.04,0.04]",="[0.02,0.03]",="[-0.07,-0.06]",="[-0.08,0.03]",="[0.06,0.07]",="[0.09,0.11]",="[0.01,0.02]",="[0.03,0.06]",="[0.08,0.09]",="[0.06,0.07]",="[0.01,0.02]",="[0.03,0.04]",="[0.02,0.03]",="[-0.07,-0.06]",="[-0.08,0.03]",="[0.06,0.07]",="[0.09,0.11]",="[0.01,0.02]",="[0.03,0.06]",="[0.08,0.09]",="[0.06,0.07]",="[0.01,0.02]",="[0.03,0.04]",="[0.02,0.03]",="[-0.07,-0.06]",="[-0.08,0.03]",="[0.06,0.07]",="[0.09,0.11]",="[0.01,0.02]",="[0.03,0.06]",="[0.08,0.09]",="[0.06,0.07]",="[0.01,0.02]"
="",="",="",="",="",="",="",="",="",="",="",="",="(0.000)",="(0.000)",="(0.000)",="(0.405)",="(0.000)",="(0.000)",="(0.000)",="(0.000)",="(0.000)",="(0.000)",="(0.000)",="(0.000)",="(0.000)",="(0.000)",="(0.434)",="(0.000)",="(0.000)",="(0.000)",="(0.000)",="(0.000)",="(0.000)",="(0.000)",="(0.000)",="(0.000)",="(0.000)",="(0.431)",="(0.000)",="(0.000)",="(0.000)",="(0.000)",="(0.000)",="(0.000)",="(0.000)"
="mc_complications",="",="",="",="",="",="",="",="",="",="",="",="0.00",="0.00",="-0.00",="-0.13***",="0.00",="0.01*",="0.00",="0.01",="0.01*",="0.00",="0.00",="0.00",="0.00",="-0.00",="-0.13***",="0.00",="0.01*",="0.00",="0.01",="0.01*",="0.00",="0.00",="0.00",="0.00",="-0.00",="-0.13***",="0.00",="0.01*",="0.00",="0.01",="0.01*",="0.00",="0.00"
="",="",="",="",="",="",="",="",="",="",="",="",="[-0.00,0.01]",="[-0.00,0.00]",="[-0.01,0.00]",="[-0.19,-0.06]",="[-0.00,0.01]",="[0.00,0.02]",="[-0.00,0.00]",="[-0.01,0.02]",="[0.00,0.02]",="[-0.00,0.01]",="[-0.00,0.00]",="[-0.00,0.01]",="[-0.00,0.00]",="[-0.01,0.00]",="[-0.19,-0.06]",="[-0.00,0.01]",="[0.00,0.02]",="[-0.00,0.00]",="[-0.01,0.02]",="[0.00,0.02]",="[-0.00,0.01]",="[-0.00,0.00]",="[-0.00,0.01]",="[-0.00,0.00]",="[-0.01,0.00]",="[-0.19,-0.06]",="[-0.00,0.01]",="[0.00,0.02]",="[-0.00,0.00]",="[-0.01,0.02]",="[0.00,0.02]",="[-0.00,0.01]",="[-0.00,0.00]"
="",="",="",="",="",="",="",="",="",="",="",="",="(0.296)",="(0.843)",="(0.240)",="(0.000)",="(0.113)",="(0.020)",="(0.211)",="(0.383)",="(0.026)",="(0.267)",="(0.206)",="(0.317)",="(0.887)",="(0.268)",="(0.000)",="(0.129)",="(0.023)",="(0.226)",="(0.404)",="(0.030)",="(0.297)",="(0.220)",="(0.315)",="(0.863)",="(0.259)",="(0.000)",="(0.123)",="(0.022)",="(0.209)",="(0.376)",="(0.029)",="(0.287)",="(0.204)"
="mc_mat_married",="",="",="",="",="",="",="",="",="",="",="",="-0.00**",="0.01***",="-0.00",="-0.54***",="-0.00",="0.00",="0.00",="0.01",="-0.00",="0.00",="0.00*",="-0.00*",="0.01***",="-0.00",="-0.54***",="-0.00",="0.00",="0.00",="0.01",="-0.00",="0.00",="0.00*",="-0.00*",="0.01***",="-0.00",="-0.54***",="-0.00",="0.00",="0.00",="0.01",="-0.00",="0.00",="0.00*"
="",="",="",="",="",="",="",="",="",="",="",="",="[-0.01,-0.00]",="[0.00,0.01]",="[-0.00,0.00]",="[-0.58,-0.50]",="[-0.00,0.00]",="[-0.01,0.01]",="[-0.00,0.00]",="[-0.00,0.01]",="[-0.01,0.00]",="[-0.00,0.00]",="[0.00,0.00]",="[-0.01,-0.00]",="[0.00,0.01]",="[-0.00,0.00]",="[-0.58,-0.50]",="[-0.00,0.00]",="[-0.01,0.01]",="[-0.00,0.00]",="[-0.00,0.01]",="[-0.01,0.00]",="[-0.00,0.00]",="[0.00,0.00]",="[-0.01,-0.00]",="[0.00,0.01]",="[-0.00,0.00]",="[-0.58,-0.50]",="[-0.00,0.00]",="[-0.01,0.01]",="[-0.00,0.00]",="[-0.00,0.01]",="[-0.01,0.00]",="[-0.00,0.00]",="[0.00,0.00]"
="",="",="",="",="",="",="",="",="",="",="",="",="(0.009)",="(0.000)",="(0.455)",="(0.000)",="(0.903)",="(0.969)",="(0.057)",="(0.095)",="(0.532)",="(0.516)",="(0.047)",="(0.011)",="(0.000)",="(0.419)",="(0.000)",="(0.966)",="(0.909)",="(0.052)",="(0.090)",="(0.579)",="(0.478)",="(0.042)",="(0.010)",="(0.000)",="(0.437)",="(0.000)",="(0.940)",="(0.936)",="(0.057)",="(0.099)",="(0.564)",="(0.497)",="(0.047)"
="mc_pnv",="",="",="",="",="",="",="",="",="",="",="",="0.00***",="0.00",="-0.00***",="-0.00",="0.00***",="0.00***",="-0.00*",="-0.00",="0.00***",="0.00***",="-0.00*",="0.00***",="0.00",="-0.00***",="-0.00",="0.00***",="0.00***",="-0.00*",="-0.00",="0.00***",="0.00***",="-0.00*",="0.00***",="0.00",="-0.00***",="-0.00",="0.00***",="0.00***",="-0.00*",="-0.00",="0.00***",="0.00***",="-0.00*"
="",="",="",="",="",="",="",="",="",="",="",="",="[0.00,0.00]",="[-0.00,0.00]",="[-0.00,-0.00]",="[-0.01,0.00]",="[0.00,0.00]",="[0.00,0.00]",="[-0.00,-0.00]",="[-0.00,0.00]",="[0.00,0.00]",="[0.00,0.00]",="[-0.00,-0.00]",="[0.00,0.00]",="[-0.00,0.00]",="[-0.00,-0.00]",="[-0.01,0.00]",="[0.00,0.00]",="[0.00,0.00]",="[-0.00,-0.00]",="[-0.00,0.00]",="[0.00,0.00]",="[0.00,0.00]",="[-0.00,-0.00]",="[0.00,0.00]",="[-0.00,0.00]",="[-0.00,-0.00]",="[-0.01,0.00]",="[0.00,0.00]",="[0.00,0.00]",="[-0.00,-0.00]",="[-0.00,0.00]",="[0.00,0.00]",="[0.00,0.00]",="[-0.00,-0.00]"
="",="",="",="",="",="",="",="",="",="",="",="",="(0.000)",="(0.217)",="(0.000)",="(0.605)",="(0.000)",="(0.000)",="(0.035)",="(0.090)",="(0.000)",="(0.000)",="(0.034)",="(0.000)",="(0.164)",="(0.000)",="(0.617)",="(0.000)",="(0.000)",="(0.046)",="(0.112)",="(0.000)",="(0.000)",="(0.045)",="(0.000)",="(0.181)",="(0.000)",="(0.614)",="(0.000)",="(0.000)",="(0.038)",="(0.093)",="(0.000)",="(0.000)",="(0.037)"
="mc_chronic",="",="",="",="",="",="",="",="",="",="",="",="0.01***",="-0.01***",="0.00",="0.44***",="-0.00",="0.00",="0.00",="0.00",="0.00",="-0.00",="0.00",="0.01***",="-0.01***",="0.00",="0.44***",="0.00",="0.00",="0.00",="0.00",="0.00",="0.00",="0.00",="0.01***",="-0.01***",="0.00",="0.43***",="0.00",="0.00",="0.00",="0.00",="0.00",="0.00",="0.00"
="",="",="",="",="",="",="",="",="",="",="",="",="[0.00,0.01]",="[-0.01,-0.00]",="[-0.00,0.00]",="[0.39,0.48]",="[-0.00,0.00]",="[-0.00,0.01]",="[-0.00,0.00]",="[-0.01,0.01]",="[-0.00,0.01]",="[-0.00,0.00]",="[-0.00,0.00]",="[0.00,0.01]",="[-0.01,-0.00]",="[-0.00,0.00]",="[0.39,0.48]",="[-0.00,0.00]",="[-0.00,0.01]",="[-0.00,0.00]",="[-0.01,0.01]",="[-0.00,0.01]",="[-0.00,0.00]",="[-0.00,0.00]",="[0.00,0.01]",="[-0.01,-0.00]",="[-0.00,0.00]",="[0.39,0.48]",="[-0.00,0.00]",="[-0.00,0.01]",="[-0.00,0.00]",="[-0.01,0.01]",="[-0.00,0.01]",="[-0.00,0.00]",="[-0.00,0.00]"
="",="",="",="",="",="",="",="",="",="",="",="",="(0.000)",="(0.000)",="(0.899)",="(0.000)",="(0.960)",="(0.581)",="(0.975)",="(0.632)",="(0.530)",="(0.970)",="(0.895)",="(0.000)",="(0.000)",="(0.965)",="(0.000)",="(0.972)",="(0.527)",="(0.934)",="(0.600)",="(0.482)",="(0.964)",="(0.855)",="(0.000)",="(0.000)",="(0.977)",="(0.000)",="(0.960)",="(0.517)",="(0.920)",="(0.586)",="(0.475)",="(0.953)",="(0.841)"
="mc_matage",="",="",="",="",="",="",="",="",="",="",="",="-0.00***",="0.00***",="0.00***",="-0.09***",="-0.00***",="-0.00***",="0.00***",="0.00***",="-0.00***",="-0.00***",="0.00***",="-0.00***",="0.00***",="0.00***",="-0.09***",="-0.00***",="-0.00***",="0.00***",="0.00***",="-0.00***",="-0.00***",="0.00***",="-0.00***",="0.00***",="0.00***",="-0.09***",="-0.00***",="-0.00***",="0.00***",="0.00***",="-0.00***",="-0.00***",="0.00***"
="",="",="",="",="",="",="",="",="",="",="",="",="[-0.00,-0.00]",="[0.00,0.00]",="[0.00,0.00]",="[-0.10,-0.09]",="[-0.00,-0.00]",="[-0.00,-0.00]",="[0.00,0.00]",="[0.00,0.00]",="[-0.00,-0.00]",="[-0.00,-0.00]",="[0.00,0.00]",="[-0.00,-0.00]",="[0.00,0.00]",="[0.00,0.00]",="[-0.10,-0.09]",="[-0.00,-0.00]",="[-0.00,-0.00]",="[0.00,0.00]",="[0.00,0.00]",="[-0.00,-0.00]",="[-0.00,-0.00]",="[0.00,0.00]",="[-0.00,-0.00]",="[0.00,0.00]",="[0.00,0.00]",="[-0.10,-0.09]",="[-0.00,-0.00]",="[-0.00,-0.00]",="[0.00,0.00]",="[0.00,0.00]",="[-0.00,-0.00]",="[-0.00,-0.00]",="[0.00,0.00]"
="",="",="",="",="",="",="",="",="",="",="",="",="(0.000)",="(0.000)",="(0.000)",="(0.000)",="(0.000)",="(0.000)",="(0.000)",="(0.000)",="(0.000)",="(0.000)",="(0.000)",="(0.000)",="(0.000)",="(0.000)",="(0.000)",="(0.000)",="(0.001)",="(0.000)",="(0.000)",="(0.000)",="(0.000)",="(0.000)",="(0.000)",="(0.000)",="(0.000)",="(0.000)",="(0.000)",="(0.001)",="(0.000)",="(0.000)",="(0.000)",="(0.000)",="(0.000)"
="mc_csec",="",="",="",="",="",="",="",="",="",="",="",="-0.00",="-0.00",="0.00",="-0.05",="-0.00",="-0.01",="-0.00",="-0.01",="-0.00",="-0.00",="-0.00",="-0.00",="-0.00",="0.00",="-0.05",="-0.00",="-0.01",="-0.00",="-0.01",="-0.00",="-0.00",="-0.00",="-0.00",="-0.00",="0.00",="-0.05",="-0.00",="-0.01",="-0.00",="-0.01",="-0.00",="-0.00",="-0.00"
="",="",="",="",="",="",="",="",="",="",="",="",="[-0.00,0.00]",="[-0.00,0.00]",="[-0.00,0.01]",="[-0.10,0.00]",="[-0.01,0.00]",="[-0.01,0.00]",="[-0.00,0.00]",="[-0.02,0.00]",="[-0.01,0.00]",="[-0.01,0.00]",="[-0.00,0.00]",="[-0.00,0.00]",="[-0.00,0.00]",="[-0.00,0.01]",="[-0.10,0.00]",="[-0.01,0.00]",="[-0.01,0.00]",="[-0.00,0.00]",="[-0.02,0.00]",="[-0.01,0.00]",="[-0.01,0.00]",="[-0.00,0.00]",="[-0.00,0.00]",="[-0.00,0.00]",="[-0.00,0.01]",="[-0.10,0.00]",="[-0.01,0.00]",="[-0.01,0.00]",="[-0.00,0.00]",="[-0.02,0.00]",="[-0.01,0.00]",="[-0.01,0.00]",="[-0.00,0.00]"
="",="",="",="",="",="",="",="",="",="",="",="",="(0.411)",="(0.462)",="(0.280)",="(0.054)",="(0.145)",="(0.112)",="(0.184)",="(0.206)",="(0.177)",="(0.287)",="(0.174)",="(0.376)",="(0.421)",="(0.241)",="(0.052)",="(0.121)",="(0.092)",="(0.166)",="(0.189)",="(0.151)",="(0.248)",="(0.157)",="(0.375)",="(0.424)",="(0.242)",="(0.052)",="(0.121)",="(0.093)",="(0.168)",="(0.192)",="(0.152)",="(0.249)",="(0.159)"
="mc_preterm",="",="",="",="",="",="",="",="",="",="",="",="0.00",="-0.00",="-0.00",="0.25***",="-0.00",="-0.00",="-0.00",="-0.01",="-0.00",="-0.00",="-0.00",="0.00",="-0.00",="-0.00",="0.25***",="-0.00",="-0.00",="-0.00",="-0.01",="0.00",="0.00",="-0.00",="0.00",="-0.00",="-0.00",="0.25***",="-0.00",="-0.00",="-0.00",="-0.01",="0.00",="0.00",="-0.00"
="",="",="",="",="",="",="",="",="",="",="",="",="[-0.00,0.01]",="[-0.01,0.00]",="[-0.01,0.01]",="[0.18,0.32]",="[-0.01,0.01]",="[-0.01,0.01]",="[-0.00,0.00]",="[-0.02,0.00]",="[-0.01,0.01]",="[-0.01,0.01]",="[-0.00,0.00]",="[-0.00,0.01]",="[-0.01,0.00]",="[-0.01,0.01]",="[0.18,0.32]",="[-0.01,0.01]",="[-0.01,0.01]",="[-0.00,0.00]",="[-0.02,0.00]",="[-0.01,0.01]",="[-0.01,0.01]",="[-0.00,0.00]",="[-0.00,0.01]",="[-0.01,0.00]",="[-0.01,0.01]",="[0.18,0.32]",="[-0.01,0.01]",="[-0.01,0.01]",="[-0.00,0.00]",="[-0.02,0.00]",="[-0.01,0.01]",="[-0.01,0.01]",="[-0.00,0.00]"
="",="",="",="",="",="",="",="",="",="",="",="",="(0.415)",="(0.135)",="(0.967)",="(0.000)",="(0.761)",="(0.786)",="(0.404)",="(0.124)",="(0.996)",="(0.934)",="(0.411)",="(0.374)",="(0.163)",="(0.876)",="(0.000)",="(0.846)",="(0.868)",="(0.444)",="(0.141)",="(0.927)",="(0.975)",="(0.450)",="(0.372)",="(0.164)",="(0.872)",="(0.000)",="(0.850)",="(0.873)",="(0.448)",="(0.143)",="(0.924)",="(0.971)",="(0.454)"
="quad",="",="",="",="",="",="",="",="",="",="",="",="",="",="",="",="",="",="",="",="",="",="",="0.00***",="0.00***",="-0.00***",="0.00**",="0.00***",="0.00***",="0.00***",="0.00***",="0.00***",="0.00***",="0.00***",="-0.00",="0.00",="-0.00",="0.00***",="0.00",="0.00",="0.00",="0.00",="0.00",="0.00",="0.00"
="",="",="",="",="",="",="",="",="",="",="",="",="",="",="",="",="",="",="",="",="",="",="",="[0.00,0.00]",="[0.00,0.00]",="[-0.00,-0.00]",="[0.00,0.00]",="[0.00,0.00]",="[0.00,0.00]",="[0.00,0.00]",="[0.00,0.00]",="[0.00,0.00]",="[0.00,0.00]",="[0.00,0.00]",="[-0.00,0.00]",="[-0.00,0.00]",="[-0.00,0.00]",="[0.00,0.00]",="[-0.00,0.00]",="[-0.00,0.00]",="[-0.00,0.00]",="[-0.00,0.00]",="[-0.00,0.00]",="[-0.00,0.00]",="[-0.00,0.00]"
="",="",="",="",="",="",="",="",="",="",="",="",="",="",="",="",="",="",="",="",="",="",="",="(0.000)",="(0.000)",="(0.000)",="(0.007)",="(0.000)",="(0.000)",="(0.000)",="(0.000)",="(0.000)",="(0.000)",="(0.000)",="(0.543)",="(0.353)",="(0.826)",="(0.000)",="(0.722)",="(0.521)",="(0.429)",="(0.512)",="(0.653)",="(0.848)",="(0.449)"
="quad_inter",="",="",="",="",="",="",="",="",="",="",="",="",="",="",="",="",="",="",="",="",="",="",="-0.00***",="-0.00***",="0.00***",="-0.00*",="-0.00***",="-0.00***",="-0.00***",="-0.00***",="-0.00***",="-0.00***",="-0.00***",="0.00",="-0.00",="0.00",="-0.00***",="-0.00",="-0.00",="-0.00",="-0.00",="-0.00",="-0.00",="-0.00"
="",="",="",="",="",="",="",="",="",="",="",="",="",="",="",="",="",="",="",="",="",="",="",="[-0.00,-0.00]",="[-0.00,-0.00]",="[0.00,0.00]",="[-0.00,-0.00]",="[-0.00,-0.00]",="[-0.00,-0.00]",="[-0.00,-0.00]",="[-0.00,-0.00]",="[-0.00,-0.00]",="[-0.00,-0.00]",="[-0.00,-0.00]",="[-0.00,0.00]",="[-0.00,0.00]",="[-0.00,0.00]",="[-0.00,-0.00]",="[-0.00,0.00]",="[-0.00,0.00]",="[-0.00,0.00]",="[-0.00,0.00]",="[-0.00,0.00]",="[-0.00,0.00]",="[-0.00,0.00]"
="",="",="",="",="",="",="",="",="",="",="",="",="",="",="",="",="",="",="",="",="",="",="",="(0.000)",="(0.000)",="(0.000)",="(0.048)",="(0.000)",="(0.000)",="(0.000)",="(0.000)",="(0.000)",="(0.000)",="(0.000)",="(0.695)",="(0.133)",="(0.485)",="(0.000)",="(0.394)",="(0.228)",="(0.124)",="(0.126)",="(0.409)",="(0.502)",="(0.136)"
="cub",="",="",="",="",="",="",="",="",="",="",="",="",="",="",="",="",="",="",="",="",="",="",="",="",="",="",="",="",="",="",="",="",="",="-0.00",="-0.00",="0.00",="0.00***",="-0.00",="-0.00",="-0.00",="-0.00",="-0.00",="-0.00",="-0.00"
="",="",="",="",="",="",="",="",="",="",="",="",="",="",="",="",="",="",="",="",="",="",="",="",="",="",="",="",="",="",="",="",="",="",="[-0.00,0.00]",="[-0.00,0.00]",="[-0.00,0.00]",="[0.00,0.00]",="[-0.00,0.00]",="[-0.00,0.00]",="[-0.00,0.00]",="[-0.00,0.00]",="[-0.00,0.00]",="[-0.00,0.00]",="[-0.00,0.00]"
="",="",="",="",="",="",="",="",="",="",="",="",="",="",="",="",="",="",="",="",="",="",="",="",="",="",="",="",="",="",="",="",="",="",="(0.128)",="(0.950)",="(0.275)",="(0.000)",="(0.327)",="(0.513)",="(0.980)",="(0.941)",="(0.464)",="(0.269)",="(0.947)"
="cub_inter",="",="",="",="",="",="",="",="",="",="",="",="",="",="",="",="",="",="",="",="",="",="",="",="",="",="",="",="",="",="",="",="",="",="0.00",="0.00",="-0.00",="-0.00***",="0.00",="0.00",="0.00",="0.00",="0.00",="0.00",="0.00"
="",="",="",="",="",="",="",="",="",="",="",="",="",="",="",="",="",="",="",="",="",="",="",="",="",="",="",="",="",="",="",="",="",="",="[-0.00,0.00]",="[-0.00,0.00]",="[-0.00,0.00]",="[-0.00,-0.00]",="[-0.00,0.00]",="[-0.00,0.00]",="[-0.00,0.00]",="[-0.00,0.00]",="[-0.00,0.00]",="[-0.00,0.00]",="[-0.00,0.00]"
="",="",="",="",="",="",="",="",="",="",="",="",="",="",="",="",="",="",="",="",="",="",="",="",="",="",="",="",="",="",="",="",="",="",="(0.121)",="(0.864)",="(0.243)",="(0.000)",="(0.287)",="(0.448)",="(0.851)",="(0.791)",="(0.428)",="(0.237)",="(0.822)"
="_cons",="",="",="",="",="",="",="",="",="",="",="",="0.07***",="0.00",="0.93***",="12.57***",="0.08***",="0.11***",="0.01***",="0.03*",="0.10***",="0.07***",="0.01***",="0.08***",="0.02***",="0.90***",="12.66***",="0.11***",="0.15***",="0.02***",="0.06***",="0.13***",="0.10***",="0.02***",="0.08***",="0.02***",="0.91***",="13.23***",="0.11***",="0.15***",="0.02***",="0.06**",="0.13***",="0.09***",="0.02***"
="",="",="",="",="",="",="",="",="",="",="",="",="[0.06,0.08]",="[-0.00,0.01]",="[0.92,0.94]",="[12.42,12.72]",="[0.07,0.09]",="[0.09,0.13]",="[0.00,0.02]",="[0.00,0.05]",="[0.08,0.11]",="[0.06,0.08]",="[0.01,0.02]",="[0.07,0.09]",="[0.01,0.02]",="[0.89,0.91]",="[12.49,12.83]",="[0.10,0.12]",="[0.13,0.18]",="[0.01,0.03]",="[0.03,0.10]",="[0.12,0.15]",="[0.08,0.11]",="[0.01,0.03]",="[0.06,0.09]",="[0.01,0.02]",="[0.89,0.92]",="[13.03,13.43]",="[0.09,0.12]",="[0.12,0.18]",="[0.01,0.03]",="[0.03,0.10]",="[0.11,0.15]",="[0.08,0.11]",="[0.01,0.03]"
="",="",="",="",="",="",="",="",="",="",="",="",="(0.000)",="(0.162)",="(0.000)",="(0.000)",="(0.000)",="(0.000)",="(0.000)",="(0.048)",="(0.000)",="(0.000)",="(0.000)",="(0.000)",="(0.000)",="(0.000)",="(0.000)",="(0.000)",="(0.000)",="(0.000)",="(0.000)",="(0.000)",="(0.000)",="(0.000)",="(0.000)",="(0.000)",="(0.000)",="(0.000)",="(0.000)",="(0.000)",="(0.000)",="(0.001)",="(0.000)",="(0.000)",="(0.000)"
="N",="129363",="129363",="129363",="129363",="129363",="129363",="129363",="129363",="129363",="129363",="129363",="119346",="119346",="119346",="119346",="119346",="119346",="119346",="119346",="119346",="119346",="119346",="119346",="119346",="119346",="119346",="119346",="119346",="119346",="119346",="119346",="119346",="119346",="119346",="119346",="119346",="119346",="119346",="119346",="119346",="119346",="119346",="119346",="119346"
